-- phpMyAdmin SQL Dump
-- version 2.11.4
-- http://www.phpmyadmin.net
--
-- Host: 127.0.0.1
-- Czas wygenerowania: 31 Mar 2008, 14:32
-- Wersja serwera: 4.1.22
-- Wersja PHP: 5.2.3

SET SQL_MODE="NO_AUTO_VALUE_ON_ZERO";

--
-- Baza danych: `daw_vaBank`
--

-- --------------------------------------------------------

--
-- Struktura tabeli dla  `boss`
--

CREATE TABLE `boss` (
  `bid` int(5) NOT NULL auto_increment,
  `login` varchar(10) NOT NULL default '',
  `passwd` varchar(10) NOT NULL default '',
  `dataczas` datetime NOT NULL default '0000-00-00 00:00:00',
  KEY `bid` (`bid`)
) ENGINE=MyISAM  DEFAULT CHARSET=latin2 COMMENT='Lista operatorow banku' AUTO_INCREMENT=3 ;

--
-- Zrzut danych tabeli `boss`
--

INSERT INTO `boss` VALUES(1, 'admin', 'vabank', '2004-05-05 09:25:00');
INSERT INTO `boss` VALUES(2, 'operator', 'vabank', '2004-05-06 12:15:00');

-- --------------------------------------------------------

--
-- Struktura tabeli dla  `konta`
--

CREATE TABLE `konta` (
  `aid` int(10) NOT NULL auto_increment,
  `numer` int(10) unsigned zerofill NOT NULL default '0000000000',
  `uid` int(10) NOT NULL default '0',
  `dataczas` datetime NOT NULL default '0000-00-00 00:00:00',
  `debet` int(15) NOT NULL default '0',
  `blokada` tinyint(1) NOT NULL default '0',
  PRIMARY KEY  (`aid`)
) ENGINE=MyISAM  DEFAULT CHARSET=latin2 COMMENT='tabela kont bankowych' AUTO_INCREMENT=33 ;

--
-- Zrzut danych tabeli `konta`
--

INSERT INTO `konta` VALUES(11, 0000000013, 1, '2004-06-10 20:56:17', 0, 1);
INSERT INTO `konta` VALUES(10, 0000000012, 12, '2004-06-10 17:50:10', 0, 0);
INSERT INTO `konta` VALUES(3, 0000000005, 15, '2004-06-10 14:24:24', 0, 0);
INSERT INTO `konta` VALUES(8, 0000000010, 17, '2004-06-10 14:27:42', 10000, 0);
INSERT INTO `konta` VALUES(9, 0000000011, 1, '2004-06-10 14:27:42', 2000, 0);
INSERT INTO `konta` VALUES(7, 0000000009, 1, '2004-06-10 14:24:24', 0, 0);
INSERT INTO `konta` VALUES(12, 0000000014, 7, '2004-06-10 20:56:17', 0, 1);
INSERT INTO `konta` VALUES(13, 0000000015, 7, '2004-06-10 20:56:17', 0, 0);
INSERT INTO `konta` VALUES(14, 0000000016, 14, '2004-06-10 20:56:17', 0, 0);
INSERT INTO `konta` VALUES(15, 0000000017, 0, '2004-06-11 15:31:24', 0, 0);
INSERT INTO `konta` VALUES(16, 0000000018, 16, '2004-06-11 15:31:24', 1000, 0);
INSERT INTO `konta` VALUES(17, 0000000019, 24, '2004-10-03 15:46:04', 0, 0);
INSERT INTO `konta` VALUES(19, 0000000020, 0, '2007-11-16 13:57:09', 0, 0);
INSERT INTO `konta` VALUES(20, 0000000022, 0, '2007-11-16 13:57:09', 0, 0);
INSERT INTO `konta` VALUES(21, 0000000023, 55, '2007-11-16 13:57:09', 0, 0);
INSERT INTO `konta` VALUES(22, 0000000024, 0, '2007-11-16 13:57:09', 0, 0);
INSERT INTO `konta` VALUES(23, 0000000025, 0, '2007-11-16 13:57:09', 0, 0);
INSERT INTO `konta` VALUES(24, 0000000026, 0, '2007-11-16 13:57:09', 0, 0);
INSERT INTO `konta` VALUES(25, 0000000027, 0, '2007-11-16 13:57:09', 0, 0);
INSERT INTO `konta` VALUES(26, 0000000028, 0, '2007-11-16 13:57:09', 0, 0);
INSERT INTO `konta` VALUES(27, 0000000029, 0, '2007-11-16 13:57:09', 0, 0);
INSERT INTO `konta` VALUES(28, 0000000030, 0, '2007-11-16 13:57:09', 0, 0);
INSERT INTO `konta` VALUES(29, 0000000031, 0, '2007-11-16 13:57:09', 0, 0);
INSERT INTO `konta` VALUES(30, 0000000032, 0, '2007-11-16 13:57:09', 0, 0);
INSERT INTO `konta` VALUES(31, 0000000033, 0, '2008-03-16 16:24:41', 0, 0);
INSERT INTO `konta` VALUES(32, 0000000034, 0, '2008-03-16 16:24:41', 0, 0);


-- --------------------------------------------------------

--
-- Struktura tabeli dla  `log`
--

CREATE TABLE `log` (
  `sid` int(10) NOT NULL auto_increment,
  `uid` int(10) NOT NULL default '0',
  `dataczas` timestamp NOT NULL default CURRENT_TIMESTAMP on update CURRENT_TIMESTAMP,
  `oid` int(10) NOT NULL default '0',
  PRIMARY KEY  (`sid`)
) ENGINE=MyISAM  DEFAULT CHARSET=latin2 COMMENT='logowanie zdarzen' AUTO_INCREMENT=85 ;

--
-- Zrzut danych tabeli `log`
--

INSERT INTO `log` VALUES(1, 1, '2004-06-07 23:20:10', 0);
INSERT INTO `log` VALUES(2, 4, '2004-06-08 03:35:55', 0);
INSERT INTO `log` VALUES(3, 1, '2004-06-08 03:36:20', 0);
INSERT INTO `log` VALUES(4, 4, '2004-06-09 03:36:32', 0);
INSERT INTO `log` VALUES(5, 1, '2004-06-09 12:18:50', 0);
INSERT INTO `log` VALUES(6, 4, '2004-06-09 12:20:15', 0);
INSERT INTO `log` VALUES(7, 4, '2004-06-09 15:50:59', 0);
INSERT INTO `log` VALUES(8, 7, '2004-06-09 15:51:28', 0);
INSERT INTO `log` VALUES(9, 4, '2004-06-09 15:56:10', 0);
INSERT INTO `log` VALUES(10, 1, '2004-06-09 15:59:07', 0);
INSERT INTO `log` VALUES(11, 7, '2004-06-09 19:06:32', 0);
INSERT INTO `log` VALUES(12, 7, '2004-06-09 19:07:24', 0);
INSERT INTO `log` VALUES(13, 7, '2004-06-09 19:08:24', 0);
INSERT INTO `log` VALUES(14, 7, '2004-06-09 20:16:16', 0);
INSERT INTO `log` VALUES(15, 1, '2004-06-09 20:16:29', 0);
INSERT INTO `log` VALUES(16, 12, '2004-06-09 22:25:52', 0);
INSERT INTO `log` VALUES(17, 7, '2004-06-10 12:02:04', 0);
INSERT INTO `log` VALUES(18, 1, '2004-06-10 12:02:14', 0);
INSERT INTO `log` VALUES(19, 1, '2004-06-10 17:10:01', 1);
INSERT INTO `log` VALUES(20, 1, '2004-06-10 17:10:33', 2);
INSERT INTO `log` VALUES(21, 1, '2004-06-10 19:57:01', 3);
INSERT INTO `log` VALUES(22, 1, '2004-06-10 19:57:11', 4);
INSERT INTO `log` VALUES(23, 7, '2004-06-10 20:27:22', 0);
INSERT INTO `log` VALUES(24, 7, '2004-06-10 20:32:01', 0);
INSERT INTO `log` VALUES(25, 7, '2004-06-10 20:38:41', 0);
INSERT INTO `log` VALUES(26, 7, '2004-06-10 20:42:12', 0);
INSERT INTO `log` VALUES(27, 7, '2004-06-10 20:42:33', 0);
INSERT INTO `log` VALUES(28, 7, '2004-06-10 20:43:52', 0);
INSERT INTO `log` VALUES(29, 7, '2004-06-10 20:44:25', 0);
INSERT INTO `log` VALUES(30, 7, '2004-06-10 21:00:14', 0);
INSERT INTO `log` VALUES(31, 7, '2004-06-10 21:09:31', 0);
INSERT INTO `log` VALUES(32, 7, '2004-06-10 22:46:33', 0);
INSERT INTO `log` VALUES(33, 1, '2004-06-10 23:53:57', 0);
INSERT INTO `log` VALUES(34, 1, '2004-06-11 00:42:04', 0);
INSERT INTO `log` VALUES(35, 1, '2004-06-11 00:58:52', 10);
INSERT INTO `log` VALUES(36, 1, '2004-06-11 00:58:52', 12);
INSERT INTO `log` VALUES(37, 1, '2004-06-11 00:59:39', 13);
INSERT INTO `log` VALUES(38, 1, '2004-06-11 00:59:39', 14);
INSERT INTO `log` VALUES(39, 1, '2004-06-11 01:00:44', 15);
INSERT INTO `log` VALUES(40, 7, '2004-06-11 01:00:44', 16);
INSERT INTO `log` VALUES(41, 7, '2004-06-11 02:34:39', 0);
INSERT INTO `log` VALUES(42, 1, '2004-06-11 02:34:49', 0);
INSERT INTO `log` VALUES(43, 1, '2004-06-11 02:35:28', 0);
INSERT INTO `log` VALUES(44, 1, '2004-06-11 02:36:32', 0);
INSERT INTO `log` VALUES(45, 1, '2004-06-11 02:37:13', 0);
INSERT INTO `log` VALUES(46, 1, '2004-06-11 02:37:59', 0);
INSERT INTO `log` VALUES(47, 7, '2004-06-11 02:46:24', 0);
INSERT INTO `log` VALUES(48, 7, '2004-06-11 02:46:39', 0);
INSERT INTO `log` VALUES(49, 7, '2004-06-11 02:48:23', 0);
INSERT INTO `log` VALUES(50, 7, '2004-06-11 12:14:03', 0);
INSERT INTO `log` VALUES(51, 7, '2004-06-11 12:17:11', 18);
INSERT INTO `log` VALUES(52, 7, '2004-06-11 12:17:11', 19);
INSERT INTO `log` VALUES(53, 7, '2004-06-11 12:19:13', 20);
INSERT INTO `log` VALUES(54, 7, '2004-06-11 12:19:13', 21);
INSERT INTO `log` VALUES(55, 7, '2004-06-11 13:15:46', 0);
INSERT INTO `log` VALUES(56, 7, '2004-06-11 14:14:04', 0);
INSERT INTO `log` VALUES(57, 7, '2004-06-11 15:36:36', 0);
INSERT INTO `log` VALUES(58, 7, '2004-06-11 15:38:02', 22);
INSERT INTO `log` VALUES(59, 7, '2004-06-11 15:38:02', 23);
INSERT INTO `log` VALUES(60, 7, '2004-06-12 00:19:38', 0);
INSERT INTO `log` VALUES(61, 7, '2004-06-12 00:20:08', 24);
INSERT INTO `log` VALUES(62, 1, '2004-06-12 00:20:08', 25);
INSERT INTO `log` VALUES(63, 7, '2004-06-12 15:35:14', 0);
INSERT INTO `log` VALUES(64, 7, '2004-06-12 15:36:16', 26);
INSERT INTO `log` VALUES(65, 1, '2004-06-12 15:36:16', 27);
INSERT INTO `log` VALUES(66, 16, '2004-06-18 12:12:49', 0);
INSERT INTO `log` VALUES(67, 16, '2004-06-18 12:14:18', 0);
INSERT INTO `log` VALUES(68, 16, '2004-06-18 12:14:53', 28);
INSERT INTO `log` VALUES(69, 7, '2004-06-18 12:14:53', 29);
INSERT INTO `log` VALUES(70, 16, '2004-06-18 12:40:15', 0);
INSERT INTO `log` VALUES(71, 16, '2004-06-18 12:40:53', 30);
INSERT INTO `log` VALUES(72, 7, '2004-06-18 12:40:53', 31);
INSERT INTO `log` VALUES(73, 7, '2004-09-29 21:41:01', 0);
INSERT INTO `log` VALUES(74, 1, '2004-10-03 14:42:52', 0);
INSERT INTO `log` VALUES(75, 1, '2004-10-03 15:34:56', 0);
INSERT INTO `log` VALUES(76, 24, '2004-10-03 15:48:44', 0);
INSERT INTO `log` VALUES(77, 52, '2007-04-10 09:51:19', 0);
INSERT INTO `log` VALUES(78, 52, '2007-04-10 09:51:46', 0);
INSERT INTO `log` VALUES(79, 52, '2007-04-11 16:16:28', 0);
INSERT INTO `log` VALUES(80, 55, '2007-11-15 20:26:01', 0);
INSERT INTO `log` VALUES(81, 55, '2007-11-16 13:54:23', 0);
INSERT INTO `log` VALUES(82, 55, '2007-11-16 13:56:31', 0);
INSERT INTO `log` VALUES(83, 55, '2007-11-26 21:28:40', 0);
INSERT INTO `log` VALUES(84, 55, '2008-03-14 10:16:45', 0);

-- --------------------------------------------------------

--
-- Struktura tabeli dla  `operacje`
--

CREATE TABLE `operacje` (
  `oid` int(10) NOT NULL auto_increment,
  `aid` int(10) NOT NULL default '0',
  `kwota` int(14) NOT NULL default '0',
  `typ` tinyint(1) NOT NULL default '0',
  PRIMARY KEY  (`oid`)
) ENGINE=MyISAM  DEFAULT CHARSET=latin2 COMMENT='lista operacji na koncie' AUTO_INCREMENT=32 ;

--
-- Zrzut danych tabeli `operacje`
--

INSERT INTO `operacje` VALUES(1, 9, 10000, 0);
INSERT INTO `operacje` VALUES(2, 9, 5000, 0);
INSERT INTO `operacje` VALUES(3, 9, 2000, 1);
INSERT INTO `operacje` VALUES(4, 9, 3000, 1);
INSERT INTO `operacje` VALUES(5, 0, 0, 0);
INSERT INTO `operacje` VALUES(6, 0, 0, 1);
INSERT INTO `operacje` VALUES(7, 0, 0, 0);
INSERT INTO `operacje` VALUES(8, 0, 0, 1);
INSERT INTO `operacje` VALUES(9, 0, 200, 0);
INSERT INTO `operacje` VALUES(10, 9, 200, 1);
INSERT INTO `operacje` VALUES(11, 9, 200, 1);
INSERT INTO `operacje` VALUES(12, 7, 200, 0);
INSERT INTO `operacje` VALUES(13, 9, 9000, 1);
INSERT INTO `operacje` VALUES(14, 7, 9000, 0);
INSERT INTO `operacje` VALUES(15, 9, 700, 1);
INSERT INTO `operacje` VALUES(16, 4, 700, 0);
INSERT INTO `operacje` VALUES(17, 13, 10000, 0);
INSERT INTO `operacje` VALUES(18, 4, 500, 1);
INSERT INTO `operacje` VALUES(19, 13, 500, 0);
INSERT INTO `operacje` VALUES(20, 13, 2000, 1);
INSERT INTO `operacje` VALUES(21, 4, 2000, 0);
INSERT INTO `operacje` VALUES(22, 4, 33, 1);
INSERT INTO `operacje` VALUES(23, 13, 33, 0);
INSERT INTO `operacje` VALUES(24, 4, 100, 1);
INSERT INTO `operacje` VALUES(25, 9, 100, 0);
INSERT INTO `operacje` VALUES(26, 4, 1000, 1);
INSERT INTO `operacje` VALUES(27, 7, 1000, 0);
INSERT INTO `operacje` VALUES(28, 16, 200, 1);
INSERT INTO `operacje` VALUES(29, 13, 200, 0);
INSERT INTO `operacje` VALUES(30, 16, 321, 1);
INSERT INTO `operacje` VALUES(31, 13, 321, 0);


-- --------------------------------------------------------

--
-- Struktura tabeli dla  `pass_list`
--

CREATE TABLE `pass_list` (
  `pid` smallint(10) NOT NULL auto_increment,
  `1` int(5) unsigned zerofill NOT NULL default '00000',
  `2` int(5) unsigned zerofill NOT NULL default '00000',
  `3` int(5) unsigned zerofill NOT NULL default '00000',
  `4` int(5) unsigned zerofill NOT NULL default '00000',
  `5` int(5) unsigned zerofill NOT NULL default '00000',
  `6` int(5) unsigned zerofill NOT NULL default '00000',
  `7` int(5) unsigned zerofill NOT NULL default '00000',
  `8` int(5) unsigned zerofill NOT NULL default '00000',
  `9` int(5) unsigned zerofill NOT NULL default '00000',
  `10` int(5) unsigned zerofill NOT NULL default '00000',
  `11` int(5) unsigned zerofill NOT NULL default '00000',
  `12` int(5) unsigned zerofill NOT NULL default '00000',
  `13` int(5) unsigned zerofill NOT NULL default '00000',
  `14` int(5) unsigned zerofill NOT NULL default '00000',
  `15` int(5) unsigned zerofill NOT NULL default '00000',
  `16` int(5) unsigned zerofill NOT NULL default '00000',
  `17` int(5) unsigned zerofill NOT NULL default '00000',
  `18` int(5) unsigned zerofill NOT NULL default '00000',
  `19` int(5) unsigned zerofill NOT NULL default '00000',
  `20` int(5) unsigned zerofill NOT NULL default '00000',
  `used` tinyint(2) NOT NULL default '0',
  `blokada` tinyint(4) NOT NULL default '0',
  KEY `key` (`pid`)
) ENGINE=MyISAM  DEFAULT CHARSET=latin2 COMMENT='lista hasel jednorazowych' AUTO_INCREMENT=102 ;

--
-- Zrzut danych tabeli `pass_list`
--

INSERT INTO `pass_list` VALUES(1, 00000, 00000, 00000, 00000, 00000, 00000, 00000, 00000, 00000, 00000, 00000, 00000, 00000, 00000, 00000, 00000, 00000, 00000, 00000, 00000, 20, 1);
INSERT INTO `pass_list` VALUES(47, 00049, 00050, 00051, 00052, 00053, 00054, 00055, 00056, 00057, 00058, 00059, 00060, 00061, 00062, 00063, 00064, 00065, 00066, 00067, 00068, 0, 0);
INSERT INTO `pass_list` VALUES(46, 00048, 00049, 00050, 00051, 00052, 00053, 00054, 00055, 00056, 00057, 00058, 00059, 00060, 00061, 00062, 00063, 00064, 00065, 00066, 00067, 0, 0);
INSERT INTO `pass_list` VALUES(45, 00047, 00048, 00049, 00050, 00051, 00052, 00053, 00054, 00055, 00056, 00057, 00058, 00059, 00060, 00061, 00062, 00063, 00064, 00065, 00066, 0, 0);
INSERT INTO `pass_list` VALUES(41, 00043, 00044, 00045, 00046, 00047, 00048, 00049, 00050, 00051, 00052, 00053, 00054, 00055, 00056, 00057, 00058, 00059, 00060, 00061, 00062, 0, 0);
INSERT INTO `pass_list` VALUES(42, 00044, 00045, 00046, 00047, 00048, 00049, 00050, 00051, 00052, 00053, 00054, 00055, 00056, 00057, 00058, 00059, 00060, 00061, 00062, 00063, 2, 0);
INSERT INTO `pass_list` VALUES(39, 00041, 00042, 00043, 00044, 00045, 00046, 00047, 00048, 00049, 00050, 00051, 00052, 00053, 00054, 00055, 00056, 00057, 00058, 00059, 00060, 0, 0);
INSERT INTO `pass_list` VALUES(43, 00045, 00046, 00047, 00048, 00049, 00050, 00051, 00052, 00053, 00054, 00055, 00056, 00057, 00058, 00059, 00060, 00061, 00062, 00063, 00064, 0, 0);
INSERT INTO `pass_list` VALUES(44, 00046, 00047, 00048, 00049, 00050, 00051, 00052, 00053, 00054, 00055, 00056, 00057, 00058, 00059, 00060, 00061, 00062, 00063, 00064, 00065, 0, 0);
INSERT INTO `pass_list` VALUES(36, 00038, 00039, 00040, 00041, 00042, 00043, 00044, 00045, 00046, 00047, 00048, 00049, 00050, 00051, 00052, 00053, 00054, 00055, 00056, 00057, 0, 0);
INSERT INTO `pass_list` VALUES(34, 00036, 00037, 00038, 00039, 00040, 00041, 00042, 00043, 00044, 00045, 00046, 00047, 00048, 00049, 00050, 00051, 00052, 00053, 00054, 00055, 0, 1);
INSERT INTO `pass_list` VALUES(33, 00035, 00036, 00037, 00038, 00039, 00040, 00041, 00042, 00043, 00044, 00045, 00046, 00047, 00048, 00049, 00050, 00051, 00052, 00053, 00054, 5, 1);
INSERT INTO `pass_list` VALUES(30, 00032, 00033, 00034, 00035, 00036, 00037, 00038, 00039, 00040, 00041, 00042, 00043, 00044, 00045, 00046, 00047, 00048, 00049, 00050, 00051, 0, 0);
INSERT INTO `pass_list` VALUES(31, 00033, 00034, 00035, 00036, 00037, 00038, 00039, 00040, 00041, 00042, 00043, 00044, 00045, 00046, 00047, 00048, 00049, 00050, 00051, 00052, 7, 0);
INSERT INTO `pass_list` VALUES(32, 00034, 00035, 00036, 00037, 00038, 00039, 00040, 00041, 00042, 00043, 00044, 00045, 00046, 00047, 00048, 00049, 00050, 00051, 00052, 00053, 5, 1);
INSERT INTO `pass_list` VALUES(48, 00050, 00051, 00052, 00053, 00054, 00055, 00056, 00057, 00058, 00059, 00060, 00061, 00062, 00063, 00064, 00065, 00066, 00067, 00068, 00069, 0, 0);
INSERT INTO `pass_list` VALUES(49, 00051, 00052, 00053, 00054, 00055, 00056, 00057, 00058, 00059, 00060, 00061, 00062, 00063, 00064, 00065, 00066, 00067, 00068, 00069, 00070, 0, 0);
INSERT INTO `pass_list` VALUES(50, 00052, 00053, 00054, 00055, 00056, 00057, 00058, 00059, 00060, 00061, 00062, 00063, 00064, 00065, 00066, 00067, 00068, 00069, 00070, 00071, 0, 0);
INSERT INTO `pass_list` VALUES(51, 00053, 00054, 00055, 00056, 00057, 00058, 00059, 00060, 00061, 00062, 00063, 00064, 00065, 00066, 00067, 00068, 00069, 00070, 00071, 00072, 0, 0);
INSERT INTO `pass_list` VALUES(52, 00054, 00055, 00056, 00057, 00058, 00059, 00060, 00061, 00062, 00063, 00064, 00065, 00066, 00067, 00068, 00069, 00070, 00071, 00072, 00073, 0, 0);
INSERT INTO `pass_list` VALUES(53, 00055, 00056, 00057, 00058, 00059, 00060, 00061, 00062, 00063, 00064, 00065, 00066, 00067, 00068, 00069, 00070, 00071, 00072, 00073, 00074, 0, 0);
INSERT INTO `pass_list` VALUES(54, 00056, 00057, 00058, 00059, 00060, 00061, 00062, 00063, 00064, 00065, 00066, 00067, 00068, 00069, 00070, 00071, 00072, 00073, 00074, 00075, 0, 0);
INSERT INTO `pass_list` VALUES(55, 00057, 00058, 00059, 00060, 00061, 00062, 00063, 00064, 00065, 00066, 00067, 00068, 00069, 00070, 00071, 00072, 00073, 00074, 00075, 00076, 0, 0);
INSERT INTO `pass_list` VALUES(56, 00058, 00059, 00060, 00061, 00062, 00063, 00064, 00065, 00066, 00067, 00068, 00069, 00070, 00071, 00072, 00073, 00074, 00075, 00076, 00077, 0, 0);
INSERT INTO `pass_list` VALUES(57, 00059, 00060, 00061, 00062, 00063, 00064, 00065, 00066, 00067, 00068, 00069, 00070, 00071, 00072, 00073, 00074, 00075, 00076, 00077, 00078, 0, 0);
INSERT INTO `pass_list` VALUES(58, 00060, 00061, 00062, 00063, 00064, 00065, 00066, 00067, 00068, 00069, 00070, 00071, 00072, 00073, 00074, 00075, 00076, 00077, 00078, 00079, 0, 0);
INSERT INTO `pass_list` VALUES(59, 00061, 00062, 00063, 00064, 00065, 00066, 00067, 00068, 00069, 00070, 00071, 00072, 00073, 00074, 00075, 00076, 00077, 00078, 00079, 00080, 0, 0);
INSERT INTO `pass_list` VALUES(60, 00062, 00063, 00064, 00065, 00066, 00067, 00068, 00069, 00070, 00071, 00072, 00073, 00074, 00075, 00076, 00077, 00078, 00079, 00080, 00081, 0, 0);
INSERT INTO `pass_list` VALUES(61, 00063, 00064, 00065, 00066, 00067, 00068, 00069, 00070, 00071, 00072, 00073, 00074, 00075, 00076, 00077, 00078, 00079, 00080, 00081, 00082, 0, 0);
INSERT INTO `pass_list` VALUES(62, 00064, 00065, 00066, 00067, 00068, 00069, 00070, 00071, 00072, 00073, 00074, 00075, 00076, 00077, 00078, 00079, 00080, 00081, 00082, 00083, 0, 0);
INSERT INTO `pass_list` VALUES(63, 00065, 00066, 00067, 00068, 00069, 00070, 00071, 00072, 00073, 00074, 00075, 00076, 00077, 00078, 00079, 00080, 00081, 00082, 00083, 00084, 0, 0);
INSERT INTO `pass_list` VALUES(64, 00066, 00067, 00068, 00069, 00070, 00071, 00072, 00073, 00074, 00075, 00076, 00077, 00078, 00079, 00080, 00081, 00082, 00083, 00084, 00085, 0, 0);
INSERT INTO `pass_list` VALUES(65, 00067, 00068, 00069, 00070, 00071, 00072, 00073, 00074, 00075, 00076, 00077, 00078, 00079, 00080, 00081, 00082, 00083, 00084, 00085, 00086, 0, 0);
INSERT INTO `pass_list` VALUES(66, 00068, 00069, 00070, 00071, 00072, 00073, 00074, 00075, 00076, 00077, 00078, 00079, 00080, 00081, 00082, 00083, 00084, 00085, 00086, 00087, 0, 0);
INSERT INTO `pass_list` VALUES(67, 00069, 00070, 00071, 00072, 00073, 00074, 00075, 00076, 00077, 00078, 00079, 00080, 00081, 00082, 00083, 00084, 00085, 00086, 00087, 00088, 0, 0);
INSERT INTO `pass_list` VALUES(68, 00070, 00071, 00072, 00073, 00074, 00075, 00076, 00077, 00078, 00079, 00080, 00081, 00082, 00083, 00084, 00085, 00086, 00087, 00088, 00089, 0, 0);
INSERT INTO `pass_list` VALUES(69, 00071, 00072, 00073, 00074, 00075, 00076, 00077, 00078, 00079, 00080, 00081, 00082, 00083, 00084, 00085, 00086, 00087, 00088, 00089, 00090, 0, 0);
INSERT INTO `pass_list` VALUES(70, 00072, 00073, 00074, 00075, 00076, 00077, 00078, 00079, 00080, 00081, 00082, 00083, 00084, 00085, 00086, 00087, 00088, 00089, 00090, 00091, 0, 0);
INSERT INTO `pass_list` VALUES(71, 00073, 00074, 00075, 00076, 00077, 00078, 00079, 00080, 00081, 00082, 00083, 00084, 00085, 00086, 00087, 00088, 00089, 00090, 00091, 00092, 0, 0);
INSERT INTO `pass_list` VALUES(72, 00074, 00075, 00076, 00077, 00078, 00079, 00080, 00081, 00082, 00083, 00084, 00085, 00086, 00087, 00088, 00089, 00090, 00091, 00092, 00093, 0, 0);
INSERT INTO `pass_list` VALUES(73, 00075, 00076, 00077, 00078, 00079, 00080, 00081, 00082, 00083, 00084, 00085, 00086, 00087, 00088, 00089, 00090, 00091, 00092, 00093, 00094, 0, 0);
INSERT INTO `pass_list` VALUES(74, 00076, 00077, 00078, 00079, 00080, 00081, 00082, 00083, 00084, 00085, 00086, 00087, 00088, 00089, 00090, 00091, 00092, 00093, 00094, 00095, 0, 0);
INSERT INTO `pass_list` VALUES(75, 00077, 00078, 00079, 00080, 00081, 00082, 00083, 00084, 00085, 00086, 00087, 00088, 00089, 00090, 00091, 00092, 00093, 00094, 00095, 00096, 0, 0);
INSERT INTO `pass_list` VALUES(76, 00078, 00079, 00080, 00081, 00082, 00083, 00084, 00085, 00086, 00087, 00088, 00089, 00090, 00091, 00092, 00093, 00094, 00095, 00096, 00097, 0, 0);
INSERT INTO `pass_list` VALUES(77, 00079, 00080, 00081, 00082, 00083, 00084, 00085, 00086, 00087, 00088, 00089, 00090, 00091, 00092, 00093, 00094, 00095, 00096, 00097, 00098, 0, 0);
INSERT INTO `pass_list` VALUES(78, 00080, 00081, 00082, 00083, 00084, 00085, 00086, 00087, 00088, 00089, 00090, 00091, 00092, 00093, 00094, 00095, 00096, 00097, 00098, 00099, 0, 0);
INSERT INTO `pass_list` VALUES(79, 00081, 00082, 00083, 00084, 00085, 00086, 00087, 00088, 00089, 00090, 00091, 00092, 00093, 00094, 00095, 00096, 00097, 00098, 00099, 00100, 0, 0);
INSERT INTO `pass_list` VALUES(80, 00082, 00083, 00084, 00085, 00086, 00087, 00088, 00089, 00090, 00091, 00092, 00093, 00094, 00095, 00096, 00097, 00098, 00099, 00100, 00101, 0, 0);
INSERT INTO `pass_list` VALUES(82, 00084, 00085, 00086, 00087, 00088, 00089, 00090, 00091, 00092, 00093, 00094, 00095, 00096, 00097, 00098, 00099, 00100, 00101, 00102, 00103, 0, 0);
INSERT INTO `pass_list` VALUES(83, 00085, 00086, 00087, 00088, 00089, 00090, 00091, 00092, 00093, 00094, 00095, 00096, 00097, 00098, 00099, 00100, 00101, 00102, 00103, 00104, 0, 0);
INSERT INTO `pass_list` VALUES(84, 00086, 00087, 00088, 00089, 00090, 00091, 00092, 00093, 00094, 00095, 00096, 00097, 00098, 00099, 00100, 00101, 00102, 00103, 00104, 00105, 0, 0);
INSERT INTO `pass_list` VALUES(85, 00087, 00088, 00089, 00090, 00091, 00092, 00093, 00094, 00095, 00096, 00097, 00098, 00099, 00100, 00101, 00102, 00103, 00104, 00105, 00106, 0, 0);
INSERT INTO `pass_list` VALUES(86, 00088, 00089, 00090, 00091, 00092, 00093, 00094, 00095, 00096, 00097, 00098, 00099, 00100, 00101, 00102, 00103, 00104, 00105, 00106, 00107, 0, 0);
INSERT INTO `pass_list` VALUES(87, 00089, 00090, 00091, 00092, 00093, 00094, 00095, 00096, 00097, 00098, 00099, 00100, 00101, 00102, 00103, 00104, 00105, 00106, 00107, 00108, 0, 0);
INSERT INTO `pass_list` VALUES(88, 00090, 00091, 00092, 00093, 00094, 00095, 00096, 00097, 00098, 00099, 00100, 00101, 00102, 00103, 00104, 00105, 00106, 00107, 00108, 00109, 0, 0);
INSERT INTO `pass_list` VALUES(89, 00091, 00092, 00093, 00094, 00095, 00096, 00097, 00098, 00099, 00100, 00101, 00102, 00103, 00104, 00105, 00106, 00107, 00108, 00109, 00110, 0, 0);
INSERT INTO `pass_list` VALUES(90, 00092, 00093, 00094, 00095, 00096, 00097, 00098, 00099, 00100, 00101, 00102, 00103, 00104, 00105, 00106, 00107, 00108, 00109, 00110, 00111, 0, 0);
INSERT INTO `pass_list` VALUES(91, 00093, 00094, 00095, 00096, 00097, 00098, 00099, 00100, 00101, 00102, 00103, 00104, 00105, 00106, 00107, 00108, 00109, 00110, 00111, 00112, 0, 0);
INSERT INTO `pass_list` VALUES(92, 00094, 00095, 00096, 00097, 00098, 00099, 00100, 00101, 00102, 00103, 00104, 00105, 00106, 00107, 00108, 00109, 00110, 00111, 00112, 00113, 0, 0);
INSERT INTO `pass_list` VALUES(93, 00095, 00096, 00097, 00098, 00099, 00100, 00101, 00102, 00103, 00104, 00105, 00106, 00107, 00108, 00109, 00110, 00111, 00112, 00113, 00114, 0, 0);
INSERT INTO `pass_list` VALUES(94, 00096, 00097, 00098, 00099, 00100, 00101, 00102, 00103, 00104, 00105, 00106, 00107, 00108, 00109, 00110, 00111, 00112, 00113, 00114, 00115, 0, 0);
INSERT INTO `pass_list` VALUES(95, 00097, 00098, 00099, 00100, 00101, 00102, 00103, 00104, 00105, 00106, 00107, 00108, 00109, 00110, 00111, 00112, 00113, 00114, 00115, 00116, 0, 0);
INSERT INTO `pass_list` VALUES(96, 00098, 00099, 00100, 00101, 00102, 00103, 00104, 00105, 00106, 00107, 00108, 00109, 00110, 00111, 00112, 00113, 00114, 00115, 00116, 00117, 0, 0);
INSERT INTO `pass_list` VALUES(97, 00099, 00100, 00101, 00102, 00103, 00104, 00105, 00106, 00107, 00108, 00109, 00110, 00111, 00112, 00113, 00114, 00115, 00116, 00117, 00118, 0, 0);
INSERT INTO `pass_list` VALUES(98, 00100, 00101, 00102, 00103, 00104, 00105, 00106, 00107, 00108, 00109, 00110, 00111, 00112, 00113, 00114, 00115, 00116, 00117, 00118, 00119, 0, 0);
INSERT INTO `pass_list` VALUES(99, 00101, 00102, 00103, 00104, 00105, 00106, 00107, 00108, 00109, 00110, 00111, 00112, 00113, 00114, 00115, 00116, 00117, 00118, 00119, 00120, 0, 0);
INSERT INTO `pass_list` VALUES(100, 00102, 00103, 00104, 00105, 00106, 00107, 00108, 00109, 00110, 00111, 00112, 00113, 00114, 00115, 00116, 00117, 00118, 00119, 00120, 00121, 0, 0);
INSERT INTO `pass_list` VALUES(101, 00103, 00104, 00105, 00106, 00107, 00108, 00109, 00110, 00111, 00112, 00113, 00114, 00115, 00116, 00117, 00118, 00119, 00120, 00121, 00122, 0, 0);

-- --------------------------------------------------------

--
-- Struktura tabeli dla  `users`
--

CREATE TABLE `users` (
  `uid` int(3) NOT NULL auto_increment,
  `passwd` varchar(40) NOT NULL default '',
  `imie` varchar(20) NOT NULL default '',
  `nazwisko` varchar(30) NOT NULL default '',
  `ulica_nr` varchar(50) NOT NULL default '',
  `kod_miasto` varchar(50) NOT NULL default '',
  `plec` char(1) NOT NULL default '',
  `wiek` char(3) NOT NULL default '',
  `telefon` varchar(10) NOT NULL default '',
  `email` varchar(40) NOT NULL default '',
  `dataczas` datetime NOT NULL default '0000-00-00 00:00:00',
  `pid` int(10) NOT NULL default '0',
  `blokada` tinyint(1) NOT NULL default '1',
  KEY `uid` (`uid`)
) ENGINE=MyISAM  DEFAULT CHARSET=latin2 COMMENT='usery' AUTO_INCREMENT=57 ;

--
-- Zrzut danych tabeli `users`
--

INSERT INTO `users` VALUES(1, 'vabank', 'Zenon', 'Bidon', 'Promienna', '12-122', 'm', '83', '21803', 'kaytek@daw.pl', '2004-06-09 16:11:39', 31, 0);
INSERT INTO `users` VALUES(4, 'vabank', 'Maciek', 'Piotrek', 'Podwale 15', '01-233 WWW', 'm', '82', '3242434', 'dasd@da.pl', '2004-06-09 15:56:36', 36, 0);
INSERT INTO `users` VALUES(5, 'vabank', 'Adam', 'Mackiewicz', 'Pila 14', '42-242 Poznan', 'm', '78', '3124124', 'das@da.pl', '2004-06-09 03:37:36', 33, 0);
INSERT INTO `users` VALUES(7, 'vabank', 'Anita', 'Perczynska', 'Serock 12', '53-896 Serock', 'k', '84', '765757547', 'fdh@jhf.pl', '2004-06-09 12:27:29', 32, 0);
INSERT INTO `users` VALUES(10, 'vabank', 'Piotr', 'Peczak', 'Puscinska', '13-313 Warszawa', 'm', '83', '832947', 'kaa@daw.pl', '2004-06-09 18:33:16', 0, 0);
INSERT INTO `users` VALUES(12, 'vabank', 'Paulina', 'Jankowska', 'Kardynala 21', '91-022 Mogilno', 'k', '85', '21803', 'kjs@da.pl', '2004-06-09 22:24:57', 35, 0);
INSERT INTO `users` VALUES(13, 'vabank', 'Marek', 'Zdarek', 'Podchalanska 12', '44-233 Bratyslava', 'm', '92', '2314141', 'blee@malpa.pl', '2004-06-10 14:20:23', 0, 0);
INSERT INTO `users` VALUES(14, 'vabank', 'Bernat', 'Bidon', 'Spiewna 1', '22-134 Szczesne', 'm', '56', '1234124', 'bidonzemniei@w.pl', '2004-06-11 02:39:27', 30, 0);
INSERT INTO `users` VALUES(15, '1234', 'Wiesław', 'Bartkowski', 'Gdzńska', '00-213', 'm', '197', '22131', 's@sad.pl', '2004-06-11 15:39:32', 39, 1);
INSERT INTO `users` VALUES(16, '1234', 'Ola', 'Obellix', 'Wawa', '00-00', 'k', '198', '21344', 'ws@walke', '2004-06-18 12:08:40', 42, 0);
INSERT INTO `users` VALUES(17, 'zuv', 'zu', 'zu', '81', '81811', 'm', '18', '818', '81@sa', '2004-06-27 16:44:07', 41, 1);
INSERT INTO `users` VALUES(18, 'tester', 'tester', 'tester', 'brak', '??--???', 'm', '200', '0123', 'test@test.pl', '2004-09-30 13:18:42', 43, 0);
INSERT INTO `users` VALUES(24, 'Asia', 'Asia', 'Asia', 'xxxxxxxxx 00', '99-999 xxxxx', 'k', '198', '22 222 22', 'asiamus@poczta.fm', '2004-10-03 15:37:31', 0, 0);
INSERT INTO `users` VALUES(41, 'maslo', 'John', 'Lock', 'Zapolna 36', '91-433 Łódź', 'm', '180', '77 666 999', 'swinia@kon.pl', '2005-05-18 20:39:34', 0, 1);
INSERT INTO `users` VALUES(40, 'abcde', 'asd', 'dsa', 'nowa 9/8', '44-100 Gliwice', 'm', '197', '43534545', 'abc@d.pl', '2005-03-13 13:12:05', 0, 1);
INSERT INTO `users` VALUES(42, 'akuku', 'Marcin', 'Oleksiewicz', 'ludowa', '95-080', 'm', '198', '666060606', 'marcin@o2.pl', '2005-05-19 15:11:14', 0, 1);
INSERT INTO `users` VALUES(43, 'bigu', 'marcin', 'pawlak', 'dfsf', '45678 Kucienk', 'm', '45', '45565656', 'bigerbox@interia.pl', '2005-06-12 15:06:48', 0, 1);
INSERT INTO `users` VALUES(44, '123456789', 'lolo', 'popo', 'gsdfg 23', '12345 wawa', 'm', '198', '1225498', 'ds@dfg.pl', '2005-08-29 16:55:50', 0, 1);
INSERT INTO `users` VALUES(45, 'ares', 'ares', 'ares', 'ares', 'ares', 'm', 'are', 'ares', 'ares', '2005-12-12 12:24:31', 0, 1);
INSERT INTO `users` VALUES(46, 'a', 'a', 'a', 'ggg 5', '41-908 by', 'm', '197', '607689987', 'd@e.com', '2006-01-05 02:06:27', 0, 1);
INSERT INTO `users` VALUES(47, '1111111111', 'imie', 'nazwisko', 'ulica 12', '11-111 Warszawa', 'm', '198', '602550522', 'aaa@wp.pl', '2006-07-21 21:07:06', 0, 1);
INSERT INTO `users` VALUES(48, 'LTXYM', 'hieronim', 'gruszka', 'skrzypowa 4', '00-950 wawa', 'm', '198', '12345', 'hieronim@gmail.pl', '2006-11-13 03:22:51', 0, 1);
INSERT INTO `users` VALUES(49, '123456', 'aaa', 'bbb', 'aaa', '11-432', 'm', '194', '323232131', 'dda@das.com', '2007-03-07 16:46:53', 0, 1);
INSERT INTO `users` VALUES(50, '123456', 'aaa', 'aaa', 'qaa', '11-211', 'm', '111', '21211', 'sda@da.cpl', '2007-03-07 23:18:53', 0, 1);
INSERT INTO `users` VALUES(51, '123', 'e', 'a', '32323', 'dsda', 'm', '123', 'dad', 'dadd', '2007-03-15 18:59:00', 0, 1);
INSERT INTO `users` VALUES(52, 'skowron83', 'skof', 'skof', 'dworcowa', '10-414 olsztyn', 'm', '14-', '502435788', 'wygladaszjak@op.pl', '2007-04-09 18:23:37', 0, 0);
INSERT INTO `users` VALUES(53, 'aa', 'b', 'c', 'e', 'f', 'm', 'd', 'g', 'h', '2007-04-10 09:47:41', 0, 1);
INSERT INTO `users` VALUES(54, 'passatbb', 'pawel', 'wasielewski', 'orlat', '05-111', 'm', '198', '3343234', 'pawe@wp.pl', '2007-11-10 10:17:19', 0, 0);
INSERT INTO `users` VALUES(55, 'passatbb', 'pawel', 'wasielewski', 'orlat', '05-111', 'm', '198', '3343234', 'dobra_posciel@wp.pl', '2007-11-10 10:18:01', 45, 0);
INSERT INTO `users` VALUES(56, 'test', 'zenek', 'kowalski', 'polska 4', '11-234 Olsztyn', 'm', '198', '5432345', 'test@onet.pl', '2008-01-16 16:58:23', 0, 1);

-- --------------------------------------------------------